hour_post,is_weekend,Activity_x,Activity_y,avg_activity,division,weekend
17,1,21809,102442,10904.5,2,Weekend
17,0,80633,102442,16126.6,5,Weekday
1,0,69520,91744,13904.0,5,Weekday
1,1,22224,91744,11112.0,2,Weekend
6,1,15041,52842,7520.5,2,Weekend
6,0,37801,52842,7560.2,5,Weekday
3,1,22527,90354,11263.5,2,Weekend
3,0,67827,90354,13565.4,5,Weekday
18,1,21361,104190,10680.5,2,Weekend
18,0,82829,104190,16565.8,5,Weekday
7,1,11157,44087,5578.5,2,Weekend
7,0,32930,44087,6586.0,5,Weekday
11,1,9507,38182,4753.5,2,Weekend
11,0,28675,38182,5735.0,5,Weekday
9,1,8361,30378,4180.5,2,Weekend
9,0,22017,30378,4403.4,5,Weekday
23,0,68909,90458,13781.8,5,Weekday
23,1,21549,90458,10774.5,2,Weekend
4,0,74195,95309,14839.0,5,Weekday
4,1,21114,95309,10557.0,2,Weekend
15,1,20812,89499,10406.0,2,Weekend
15,0,68687,89499,13737.4,5,Weekday
16,0,77352,99199,15470.4,5,Weekday
16,1,21847,99199,10923.5,2,Weekend
12,1,11707,50697,5853.5,2,Weekend
12,0,38990,50697,7798.0,5,Weekday
19,1,21188,103540,10594.0,2,Weekend
19,0,82352,103540,16470.4,5,Weekday
0,0,66957,90191,13391.4,5,Weekday
0,1,23234,90191,11617.0,2,Weekend
10,1,8486,31569,4243.0,2,Weekend
10,0,23083,31569,4616.6,5,Weekday
8,1,9545,34525,4772.5,2,Weekend
8,0,24980,34525,4996.0,5,Weekday
22,0,72227,93090,14445.4,5,Weekday
22,1,20863,93090,10431.5,2,Weekend
2,1,22236,91103,11118.0,2,Weekend
2,0,68867,91103,13773.4,5,Weekday
14,0,59496,77885,11899.2,5,Weekday
14,1,18389,77885,9194.5,2,Weekend
21,0,79620,100736,15924.0,5,Weekday
21,1,21116,100736,10558.0,2,Weekend
20,0,81505,102654,16301.0,5,Weekday
20,1,21149,102654,10574.5,2,Weekend
13,0,50121,65675,10024.2,5,Weekday
13,1,15554,65675,7777.0,2,Weekend
5,0,54323,74086,10864.6,5,Weekday
5,1,19763,74086,9881.5,2,Weekend
