max_tfidf_score,count
6.705918228752026,6192
2.59169628084015,3823
3.4555950411202003,3618
5.588265190626688,3534
1.1686526428339694,3476
1.7277975205601002,3447
2.337305285667939,3430
2.304824430562609,3264
2.7788891219744283,3187
2.1066095876823225,3091
2.235306076250675,3054
4.631481869957381,2991
7.410370991931809,2940
2.699501909731934,2826
1.8719599612843416,2795
2.041398288774444,2793
1.9934736420851218,2730
1.9705277001591839,2719
1.1524122152813046,2716
3.5059579285019082,2678
5.5577782439488566,2672
2.955791550238776,2579
3.6497061045093027,2563
3.7051854959659045,2473
4.319493801400251,2436
2.737279578381977,2404
3.1599143815234836,2393
1.8525927479829523,2386
3.062097433161666,2369
2.1131478865749447,2327
2.0880822920867215,2226
2.8079399419265125,2221
1.1176530381253376,2180
3.4572366458439134,2178
1.7839518313120697,2150
1.8248530522546513,2143
1.7996679398212891,2129
2.6349138391742057,2123
2.3984743923837133,2101
4.176164584173443,2084
4.47061215250135,2072
2.6759277469681044,2060
2.9902104631276827,2056
1.0533047938411613,2045
1.7566092261161372,2024
2.5881555290029947,1988
3.480137153477869,1988
1.4087652577166299,1975
4.391523065290343,1967
2.7841097227822953,1901
3.5993358796425783,1875
2.5374720623067093,1859
1.020699144387222,1847
3.5679036626241394,1823
4.082796577548888,1814
3.5219131442915748,1807
3.9410554003183678,1791
3.1979658565116176,1789
1.5989829282558088,1765
4.674610571335878,1756
3.352959114376013,1746
3.4508740386706593,1709
3.5132184522322745,1676
1.3920548613911476,1660
4.459879578280174,1645
2.8175305154332597,1611
0.9967368210425609,1605
3.7439199225686832,1604
1.6916480415378063,1596
4.226295773149889,1591
4.609648861125218,1571
1.7254370193353297,1500
5.568219445564591,1499
3.997457320639522,1485
4.213219175364645,1468
5.1833925616803,1430
4.562132630636628,1422
5.474559156763954,1382
7.775088842520451,1331
7.823571266877363,1329
4.872192014869016,1314
6.04729132196035,1288
3.9869472841702436,1278
0.9359799806421708,1231
5.10349572193611,1198
6.911190082240401,1183
0.9852638500795919,1170
6.484074617940333,1151
6.148132291406481,1150
4.313592548338324,1116
5.911583100477552,1082
3.3832960830756127,1026
4.229120103844516,988
5.980420926255365,974
5.1763110580059895,963
5.266523969205807,961
5.762061076406523,958
4.679899903210854,942
6.264246876260165,920
5.2698276783484115,911
5.59644024889533,898
8.638987602800501,892
7.0119158570038165,891
7.026436904464549,881
5.843263214169847,865
4.796948784767427,852
5.351855493936209,842
6.298837789374512,836
7.144894010710554,826
5.074944124613419,809
35.49739896547427,806
4.930678402008205,775
4.92631925039796,765
5.615879883853025,757
6.339443659724834,746
6.395931713023235,744
9.811735072216383,724
7.135807325248279,719
8.211838735145932,718
5.635061030866519,715
4.499169849553223,709
6.124194866323332,706
47.16999638354636,692
0.9262963739914761,683
6.896846950557143,660
6.319828763046967,636
4.983684105212804,631
6.960274306955738,605
8.9412243050027,586
0.9124265261273257,586
37.14764669204215,565
0.8638987602800501,559
6.039029567673654,554
9.349221142671755,545
7.19542317715114,541
10.703710987872418,528
10.565739432874723,523
7.656301737651312,520
5.920768145382322,506
6.243831409592244,497
6.977157747297927,496
36.865667784440646,495
20.18479549017164,486
11.136438891129181,479
0.8998339699106446,476
48.99355893058666,473
9.593897569534853,470
6.551859864495196,465
9.967368210425608,449
10.517873785505724,444
10.440411460433607,440
8.458240207689032,437
10.189260113906238,431
10.058877343128039,426
6.38698568289128,424
9.04835659904246,422
7.373133556888129,417
8.336667365923285,415
12.0945826439207,410
10.352622116011979,403
8.794406105406948,402
11.832466321824755,400
5.399003819463868,394
12.958481404200752,389
0.8919759156560348,374
8.919759156560348,370
8.165593155097776,362
9.124265261273257,361
36.22823192785305,351
7.973894568340487,348
10.3667851233606,343
6.901748077341319,340
12.52849375252033,337
8.066885506969133,335
7.612416186920129,332
7.8821108006367355,331
15.550177685040902,329
16.67333473184657,329
8.352329168346886,326
0.8783046130580686,325
8.783046130580686,325
8.998339699106445,324
14.68627892476085,324
10.539655356696823,322
7.764466587008983,321
24.784235387965037,320
12.078059135347308,316
11.230683883640651,314
19.59100765978218,312
7.299412209018605,309
28.537124658518525,306
17.599631105838046,304
21.57685035156279,297
10.393389033662757,295
11.227690588259442,293
7.904741517522617,280
22.837248560760386,280
7.198671759285157,279
20.41398288774444,278
14.61657604460705,276
13.828946583375654,274
28.508659089241654,273
21.59746900700125,270
6.914473291687827,266
8.452591546299779,264
12.248389732646665,261
9.744384029738033,261
12.808430051034696,250
13.920548613911476,244
22.272877782258362,240
9.50288636308055,237
8.42643835072929,236
11.215340625679643,235
19.623470144432765,235
7.994914641279044,235
13.224521183215902,232
9.262963739914762,231
11.115556487897713,229
9.85263850079592,228
22.119400670664387,228
11.417959969754891,226
7.4878398451373664,226
13.53318433230245,225
11.23175976770605,224
10.99571226999574,221
22.968905212953935,221
8.867374650716327,219
23.157409349786903,218
16.78932074668599,217
6.766592166151225,212
8.180568499837786,212
16.33118631019555,208
16.361136999675573,204
15.747038357855095,202
8.970631389383048,199
17.8824486100054,198
9.359799806421709,193
21.131478865749447,190
10.149888249226837,189
10.20699144387222,188
19.32270148727751,187
23.94900938118271,187
10.798007638927736,182
16.07065639460916,179
15.764221601273471,177
14.59882441803721,177
14.271614650496558,176
7.748208917441464,176
17.90618149529974,176
8.027783240904313,175
20.74341987506348,172
9.47974314457045,171
17.99667939821289,170
17.609565721457873,167
14.289788021421108,166
7.0438262885831495,166
10.949118313527908,165
12.687360311533547,165
9.304064228457936,165
8.627185096676648,164
9.156974175158094,160
10.533047938411613,155
16.0086309059982,152
11.69784160883838,151
17.52978964250954,151
11.176530381253375,149
20.42709623689113,147
12.79186342604647,147
13.17456919587103,147
17.254370193353296,146
13.383269948307984,146
13.894445609872141,143
11.841536290764644,143
14.975679690274733,138
0.8627185096676648,131
13.591354890174374,127
14.087652577166299,125
8.098505729195802,120
12.855179071173664,120
13.803496154682637,120
13.269088877033886,120
12.597675578749024,119
0.8458240207689032,118
9.86135680401641,118
12.16773974834822,117
12.296264582812961,115
10.036691787400581,111
15.310487165808329,109
17.566092261161373,108
11.992371961918566,105
13.692962319935097,105
11.595686903528453,103
11.19288049779066,100
10.837902350875511,99
0.7994914641279044,96
11.270122061733039,95
13.411836457504052,94
9.661350743638755,94
10.295779787063879,89
11.823166200955104,89
9.186292299484998,87
9.219297722250436,68
13.793693901114287,66
0.7043826288583149,64
18.525927479829523,63
11.686526428339693,58
0.6960274306955738,58
13.103719728990392,53
9.489903606344313,47
20.117754686256077,47
